Alabama,Alaska,Arizona,Arkansas,California,Colorado,Connecticut,Delaware,Florida,Georgia,Hawaii,Idaho,Illinois,Indiana,Iowa,Kansas,Kentucky,Louisiana,Maine,Maryland,Massachusetts,Michigan,Minnesota,Mississippi,Missouri,Montana,Nebraska,Nevada,New Hampshire,New Jersey,New Mexico,New York,North Carolina,North Dakota,Ohio,Oklahoma,Oregon,Pennsylvania,Rhode Island,South Carolina,South Dakota,Tennessee,Texas,Utah,Vermont,Virginia,Washington,West Virginia,Wisconsin,Wyoming
USC00010178,CA001206197,USC00020060,USC00030150,USC00040161,USC00050214,USC00061762,,USC00080211,USC00090456,USC00510115,USC00100199,USC00110072,USC00120331,USC00130064,USC00140010,USC00121256,USC00160253,USC00170100,USC00072625,USC00190408,CA006139533,USC00210050,USC00220290,USC00230051,CA004032335,USC00250030,USC00260046,USC00270675,USC00280346,USC00290222,USC00300055,USC00310090,CA005022065,USC00151386,USC00340193,USC00350078,USC00360076,USC00370218 ,USC00317363,USC00390022,USC00400137,USC00410012,USC00053307,USC00271647,USC00183850,USC00350753,USC00189405,USC00204090,USC00480380
USC00010260,USC00500201,USC00020159,USC00030220,USC00040192,USC00050263,USC00062658,,USC00080228,USC00090586,USC00510905,USC00100218,USC00110187,USC00120334,USC00130070,USC00140020,USC00150122,USC00160349,USC00170200,USC00073570,USC00190535,USC00200128,USC00210287,USC00220427,USC00230127,CA004034912,USC00250130,USC00260438,USC00270681,USC00280690,USC00290225,USC00300077,USC00311420,USC00320127,USC00330195,USC00340194,USC00350082,USC00360132,USC00376703,USC00380165,USC00390128,USC00401561,USC00410013,USC00420194,USC00430563,USC00440243,USC00450013,USC00333500,USC00219072,USC00481131
USC00010267,USC00500230,USC00020287,USC00030240,USC00040204,USC00050306,USC00063137,,USC00080236,USC00090946,USC00511125,USC00100282,USC00110286,USC00121734,USC00130133,USC00140069,USC00150402,USC00160537,USC00170217,USC00073595,USC00190562,USC00200228,USC00210355,USC00220521,USC00230143,CA004038116,USC00250145,USC00260668,USC00270706,USC00280729,USC00290268,USC00300085,USC00311423,USC00320136,USC00330256,USC00340215,USC00350118,USC00360222,USC00375270,USC00380184,USC00390198,USC00401587,USC00410040,USC00420302,USC00431580,USC00440403,USC00450158,USC00460102,USC00470265,USC00481160
USC00010505,USC00500235,USC00020309,USC00030286,USC00040343,USC00050307,USC00063207,,USC00080369,USC00090969,USC00511484,USC00100347,USC00110598,USC00121843,USC00130157,USC00140201,USC00150630,USC00160555,USC00170409,USC00075320,USC00190655,USC00200420,USC00210387,USC00221314,USC00230179,CA004038740,USC00250355,USC00260714,USC00270741,USC00280734,USC00290275,USC00300090,USC00311564,USC00320209,USC00330264,USC00340257,USC00350145,USC00360229,,USC00380448,USC00390217,USC00401720,USC00410120,USC00420487,USC00431705,USC00440411,USC00450184,USC00460202,USC00470273,USC00481565
USC00010616,USC00500238,USC00020404,USC00030458,USC00040379,USC00050310,USC00063905,,USC00080488,USC00090979,USC00511557,USC00101002,USC00110608,USC00121869,USC00130173,USC00140326,USC00150854,USC00160639,USC00170480,USC00075852,USC00190736,USC00200485,USC00210390,USC00222099,USC00230204,USC00240325,USC00250622,USC00260718,USC00270913,USC00281592,USC00290377,USC00300175,USC00311624,USC00320590,USC00330430,USC00340260,USC00350197,USC00360256,,USC00381093,USC00390223,USC00402305,USC00410144,USC00420490,USC00432843,USC00440449,USC00450217,USC00460355,USC00470287,USC00481676
USC00010836,USC00500243,USC00020490,USC00030460,USC00040436,USC00050454,USC00065309,,USC00080737,USC00091024,USC00511960,USC00101017,USC00111265,USC00121952,USC00130205,USC00140365,USC00150858,USC00160800,USC00170583,USC00075915,USC00190840,USC00200497,USC00210515,USC00222241,USC00230536,USC00240375,USC00250740,USC00260795,USC00271099,USC00281598,USC00290394,USC00300183,USC00311877,USC00320796,USC00330563,USC00340332,USC00350356,USC00360355,,USC00381588,USC00390236,USC00403040,USC00410176,USC00420730,USC00433240,USC00440670,USC00450257,USC00460509,USC00470308,USC00481736
USC00011620,USC00500275,USC00020590,USC00030524,USC00040705,USC00050581,USC00067969,,USC00081163,USC00091029,USC00512630,USC00101018,USC00111288,USC00122638,USC00130214,USC00140408,USC00150860,USC00161891,USC00170833,USC00078269,USC00190998,USC00200552,USC00210520,USC00222896,USC00230542,USC00240412,USC00251082,USC00261684,USC00271450,USC00282644,USC00290404,USC00300331,USC00311881,USC00320814,USC00331042,USC00340391,USC00350471,USC00360361,,USC00381625,USC00390281,USC00403420,USC00410204,USC00420757,USC00434120,USC00440720,USC00450456,USC00460633,USC00470347,USC00481775
USC00011685,USC00500279,USC00020672,USC00030536,USC00040738,USC00050674,USC00067970,,USC00081276,USC00091200,USC00512679,USC00101019,USC00111475,USC00123062,USC00130241,USC00140439,USC00150955,USC00162023,USC00170843,USC00078510,USC00191344,USC00200568,USC00210809,USC00223605,USC00230597,USC00240432,USC00251130,USC00261686,USC00271552,USC00285003,USC00290407,USC00300343,USC00311956,USC00321144,USC00331152,USC00340394,USC00350501,USC00360457,,USC00382260,USC00390559,USC00403465,USC00410235,USC00420928,USC00434189,USC00440766,USC00450482,USC00461319,USC00470349,USC00481816
USC00011803,USC00500396,USC00020678,USC00030582,USC00040790,USC00050754,USC00068330,,USC00081641,USC00091425,USC00512896,USC00101079,USC00111577,USC00123078,USC00130385,USC00140482,USC00151127,USC00162121,USC00170844,USC00079600,USC00191430,USC00200647,USC00210855,USC00223645,USC00230695,USC00240466,USC00251149,USC00261740,USC00272842,USC00285576,USC00290417,USC00300360,USC00311975,USC00321225,USC00331175,USC00341144,USC00350595,USC00360464,,USC00382386,USC00390565,USC00403679,USC00410436,USC00421007,USC00434290,USC00440792,USC00450564,USC00462520,USC00470382,USC00481840
USC00012670,USC00500824,USC00020683,USC00030764,USC00040924,USC00050776,USC00068835,,USC00082008,USC00091463,USC00513510,USC00101217,USC00111743,USC00123082,USC00130608,USC00140800,USC00151227,USC00162361,USC00171131,USC00180390,USC00191561,USC00200710,USC00210934,USC00224001,USC00230817,USC00240780,USC00251190,USC00261905,USC00272898,USC00285769,USC00291223,USC00300505,USC00312172,USC00321288,USC00331177,USC00341148,USC00350631,USC00360475,,USC00383735,USC00390567,USC00403804,USC00410437,USC00421008,USC00435416,USC00440956,USC00450668,USC00462522,USC00470786,USC00482235
USC00012727,USC00501312,USC00020775,USC00030806,USC00040943,USC00050797,USC00068906,,USC00083171,USC00091640,USC00514091,USC00101363,USC00111835,USC00123091,USC00130793,USC00140810,USC00151345,USC00162478,USC00172878,USC00180460,USC00191582,USC00200758,USC00210939,USC00224377,USC00230856,USC00240801,USC00251345,USC00262078,USC00273177,USC00287301,USC00291332,USC00300540,USC00312200,USC00321498,USC00331178,USC00341162,USC00350652,USC00360492,,USC00384169,USC00390574,USC00404033,USC00410482,USC00421020,USC00435740,USC00440982,USC00450749,USC00464378,USC00471044,USC00482242
USC00012840,USC00501447,USC00020800,USC00030828,USC00041018,USC00050945,USC00069568,,USC00085099,USC00091732,USC00514489,USC00101380,USC00112048,USC00123095,USC00131319,USC00141435,USC00152407,USC00163079,USC00173261,USC00180475,USC00191774,USC00200770,USC00211063,USC00224869,USC00230887,USC00240802,USC00251361,USC00262096,USC00273409,USC00287545,USC00291345,USC00300621,USC00312515,USC00321766,USC00331197,USC00341243,USC00351174,USC00360753,,USC00384197,USC00390649,USC00404659,USC00410493,USC00421149,USC00436500,USC00441082,USC00450826,USC00464559,USC00471062,USC00482375
USC00012883,USC00501475,USC00020808,USC00030830,USC00041075,USC00050950,USC00069775,,USC00085990,USC00091965,USC00514620,USC00101408,USC00112193,USC00123104,USC00131394,USC00141522,USC00152409,USC00163327,USC00173417,USC00180565,USC00191950,USC00200842,USC00211065,USC00224939,USC00230980,USC00240814,USC00251365,USC00262390,USC00273658,USC00287936,USC00291445,USC00300668,USC00312732,USC00321871,USC00331245,USC00341684,USC00351433,USC00360754,,USC00384205,USC00390760,USC00404871,USC00410498,USC00421272,USC00436712,USC00441121,USC00450844,USC00464763,USC00471064,USC00482399
USC00013105,USC00501641,USC00020855,USC00030832,USC00041606,USC00051017,USW00014752,,USC00086048,USC00091973,USC00514634,USC00101422,USC00112348,USC00123207,USC00131528,USC00141559,USC00152512,USC00163433,USC00174193,USC00180701,USC00192026,USC00200924,USC00211074,USC00225062,USC00231037,USC00240819,USC00251450,USC00262394,USC00274059,USC00305816,USC00291450,USC00300870,USC00312740,USC00322304,USC00331278,USC00341724,USC00351448,USC00360763,,USC00384296,USC00390778,USC00405035,USC00410518,USC00421273,USC00436761,USC00441375,USC00450845,USC00465353,USC00471205,USC00482410
USC00013154,USC00502107,USC00020949,USC00030936,USC00041607,USC00051018,USW00054788,,USC00086065,USC00091982,USC00514660,USC00101551,USC00112497,USC00123418,USC00131651,USC00141602,USC00152575,USC00163681,USC00175304,USC00180702,USC00192451,USC00200925,USC00211107,USC00225070,USC00231087,USC00240824,USC00251560,USC00262497,USC00274329,,USC00291452,USC00301101,USC00312837,USC00322385,USC00331288,USC00341891,USC00351571,USC00360868,,USC00385278,USC00390834,USC00405089,USC00410586,USC00421308,USC00436893,USC00441471,USC00450882,USC00465440,USC00471605,USC00482466
USC00013160,USC00502112,USC00020958,USC00031442,USC00041624,USC00051060,,,USC00086078,USC00092006,USC00514680,USC00101663,USC00112614,USC00123497,USC00131705,USC00141612,USC00152775,USC00163741,USC00175305,USC00180703,USC00192501,USC00200972,USC00211198,USC00225361,USC00231101,USC00240827,USC00251660,USC00262570,USC00274399,,USC00291454,USC00301391,USC00312971,USC00322482,USC00331390,USC00341927,USC00351682,USC00361001,,USC00385290,USC00391032,USC00405358,USC00410690,USC00421432,USC00437025,USC00441570,USC00451189,USC00465626,USC00471618,USC00482580
USC00013308,USC00502126,USC00021169,USC00031455,USC00041700,USC00051071,,,USC00086480,USC00092055,USC00514742,USC00101671,USC00112719,USC00123513,USC00131710,USC00141659,USC00152903,USC00163794,USC00175314,USC00180704,USC00192806,USC00201150,USC00211227,USC00225704,USC00231145,USC00240923,USC00251990,USC00262656,USC00274475,,USC00291469,USC00301436,USC00313101,USC00322536,USC00331515,USC00341954,USC00351877,USC00361130,,USC00385306,USC00391049,USC00405451,USC00410958,USC00421472,USC00437026,USC00441585,USC00451233,USC00465705,USC00472209,USC00482725
USC00013519,USC00502149,USC00021248,USC00031459,USC00041715,USC00051121,,,USC00087424,USC00092408,USC00516082,USC00101810,USC00112750,USC00123650,USC00131731,USC00141696,USC00152908,USC00163864,USC00175460,USC00180705,USC00192807,USC00201225,USC00211245,USC00225705,USC00231189,USC00241040,USC00252065,USC00262662,USC00274804,,USC00291480,USC00301593,USC00313106,USC00322570,USC00331523,USC00342011,USC00352112,USC00361139,,USC00385362,USC00391392,USC00405525,USC00410984,USC00421500,USC00437032,USC00441598,USC00451257,USC00465706,USC00472314,USC00482995
USC00013573,USC00502350,USC00021314,USC00031596,USC00041758,USC00051179,,,USC00087600,USC00092485,USC00516546,USC00102707,USC00112931,USC00123777,USC00131848,USC00141858,USC00152961,USC00164320,USC00175736,USC00180706,USC00193229,USC00201238,USC00211250,USC00226351,USC00231212,USC00241342,USC00252100,USC00262708,USC00275350,,USC00291515,USC00301595,USC00313150,USC00322605,USC00331662,USC00342125,USC00352135,USC00361234,,USC00386293,USC00391474,USC00405595,USC00410996,USC00421792,USC00437054,USC00441606,USC00451395,USC00465739,USC00472826,USC00483031
USC00013575,USC00502457,USC00021330,USC00031730,USC00041912,USC00051186,,,USC00087758,USC00092493,USC00516588,USC00102853,USC00112993,USC00123915,USC00131954,USC00142213,USC00153295,USC00164674,USC00176011,USC00180732,USC00193270,USC00201361,USC00211263,USC00226527,USC00231216,USC00241460,USC00252145,USC00262840,USC00275712,,USC00291630,USC00301623,USC00313152,USC00322695,USC00331818,USC00342318,USC00352173,USC00361324,,USC00386830,USC00391496,USC00405862,USC00411000,USC00421918,USC00437098,USC00441746,USC00451400,USC00465871,USC00472842,USC00483045
USC00013644,USC00502568,USC00021749,USC00031900,USC00041967,USC00051268,,,USC00087760,USC00092517,USC00517166,USC00102875,USC00113061,USC00123960,USC00132026,USC00142401,USC00153382,USC00164696,USC00176420,USC00180737,USC00193276,USC00201800,USC00211374,USC00226562,USC00231221,USC00241465,USC00252595,USC00262860,USC00275868,,USC00291647,USC00301625,USC00313224,USC00322697,USC00331890,USC00342341,USC00352672,USC00361350,,USC00387281,USC00391519,USC00406292,USC00411007,USC00422116,USC00437152,USC00442216,USC00451474,USC00465875,USC00472844,USC00483936
USC00013645,USC00502610,USC00021849,USC00031910,USC00041990,USC00051342,,,USC00087950,USC00092844,USC00517194,USC00102892,USC00113290,USC00124244,USC00132037,USC00142773,USC00153391,USC00164734,USC00176427,USC00180800,USC00194131,USC00201804,USC00211390,USC00226718,USC00231291,USC00241552,USC00252629,USC00262948,USC00276368,,USC00291840,USC00301664,USC00313238,USC00322735,USC00331905,USC00342660,USC00352675,USC00361362,,USC00388188,USC00391520,USC00406308,USC00411013,USC00422150,USC00437607,USC00442245,USC00451496,USC00466163,USC00472851,USC00484036
USC00013655,USC00502645,USC00021870,USC00031935,USC00042500,USC00051440,,,USC00087977,USC00092966,USC00517312,USC00103882,USC00113879,USC00124254,USC00132041,USC00142827,USC00153392,USC00164830,USC00176856,USC00181693,USC00194502,USC00201818,USC00211448,USC00226811,USC00231297,USC00241722,USC00252645,USC00263090,USC00277253,,USC00291927,USC00301761,USC00313336,USC00323665,USC00332044,USC00342678,USC00352800,USC00361519,,USC00388426,USC00391621,USC00406403,USC00411017,USC00422235,USC00437612,USC00442782,USC00451586,USC00466212,USC00472869,USC00484065
USC00014225,USC00502665,USC00021874,USC00032540,USC00042506,USC00051713,,,USC00088368,USC00093506,USC00518905,USC00103942,USC00113930,USC00124260,USC00132070,USC00142835,USC00153430,USC00164905,USC00176875,USC00181710,USC00195175,USC00201845,USC00211465,USC00226894,USC00231304,USC00241824,USC00252680,USC00263114,USC00277833,,USC00291933,USC00301799,USC00313356,USC00323686,USC00332067,USC00342912,USC00352805,USC00361526,,USC00388887,USC00391740,USC00406404,USC00411127,USC00422257,USC00438172,USC00442790,USC00451650,USC00466248,USC00472889,USC00484080
USC00014226,USC00502717,USC00022140,USC00032564,USC00042539,USC00051741,,,USC00088573,USC00093516,USC00519593,USC00104150,USC00113940,USC00124264,USC00132171,USC00143037,USC00153744,USC00165624,USC00176900,USC00181980,USC00195306,USC00201896,USC00211468,USC00226921,USC00231356,USC00241831,USC00252741,USC00263275,USC00278539,,USC00292005,USC00301949,USC00313364,USC00323705,USC00332090,USC00342944,USC00352867,USC00361591,,USW00013744,USC00392087,USC00406427,USC00411128,USC00422592,USC00438556,USC00442922,USC00451654,USC00466284,USC00472893,USC00484303
USC00014822,USC00502730,USC00022216,USC00032578,USC00042572,USC00051944,,,USC00088824,USC00093538,USW00022525,USC00104268,USC00114012,USC00124372,USC00132208,USC00143100,USC00153768,USC00165874,USC00177174,USC00181995,USC00195490,USC00201901,USC00211489,USC00227128,USC00231383,USC00241840,USC00252770,USC00263980,USC00278610,,USC00292093,USC00302036,USC00313427,USC00323736,USC00332119,USC00343042,USC00352997,USC00361652,,USW00013880,USC00392207,USC00406534,USC00411133,USC00422607,USC00438597,USC00442941,USC00451666,USC00466591,USC00472934,USC00484360
USC00015553,USC00502737,USC00022329,USC00032580,USC00042574,USC00052048,,,USC00089120,USC00093621,,USC00104295,USC00114013,USC00124382,USC00132209,USC00143155,USC00153816,USC00165892,USC00177250,USC00182065,USC00196681,USC00202250,USC00211857,USC00227141,USC00231580,USC00241875,USC00252790,USC00264016,USC00278612,,USC00292095,USC00302169,USC00313638,USC00323936,USC00332156,USC00343047,USC00353014,USC00361705,,USW00093804,USC00392209,USC00406562,USC00411138,USC00422625,USC00438600,USC00443071,USC00451679,USC00466674,USC00473058,USC00484442
USC00015555,USC00502965,USC00022787,USC00033101,USC00042598,USC00052178,,,USC00089176,USC00093754,,USC00104384,USC00114017,USC00124407,USC00132299,USC00143156,USC00153840,USC00165908,USC00177325,USC00182205,USC00196989,USC00202268,USC00211891,USC00227252,USC00231600,USC00241905,USC00252820,USC00264037,USC00278614,,USC00292096,USC00302197,USC00313643,USC00324083,USC00332160,USC00343182,USC00353022,USC00361719,,USW00093846,USC00392228,USC00406950,USC00411246,USC00422696,USC00438805,USC00443127,USC00452066,USC00467105,USC00473116,USC00484700
USC00015635,USC00502970,USC00022790,USC00033132,USC00042756,USC00052196,,,USC00089219,USC00093810,,USC00104442,USC00114078,USC00124449,USC00132573,USC00143158,USC00153929,USC00166130,USC00177407,USC00182325,USC00197124,USC00202298,USC00212015,USC00227444,USC00231640,USC00241919,USC00252840,USC00264038,USC00279318,,USC00292100,USC00302286,USC00313648,USC00324102,USC00332251,USC00343353,USC00353038,USC00361720,,,USC00392231,USC00406977,USC00411250,USC00422702,USC00439099,USC00443192,USC00452157,USC00467112,USC00473174,USC00484770
USC00015752,USC00503082,USC00023009,USC00033164,USC00042771,USC00052223,,,USW00012816,USC00093899,,USC00104455,USC00114108,USC00124492,USC00132603,USC00143218,USC00154208,USC00166394,USC00177479,USC00182335,USC00197190,USC00202307,USC00212023,USC00227701,USC00231674,USC00241938,USC00253012,USC00264039,USC00279940,,USC00292139,USC00302582,USC00313784,USC00324571,USC00333029,USC00343358,USC00353047,USC00361726,,,USC00392557,USC00407184,USC00411337,USC00422721,USC00439184,USC00443204,USC00452384,USC00467306,USC00473214,USC00484875
USC00015785,USC00503160,USC00023082,USC00033540,USC00042934,USC00052228,,,USW00012833,USC00093915,,USC00104456,USC00114198,USC00124715,USC00132689,USC00143393,USC00154375,USC00166434,USC00177654,USC00182336,USC00197230,USC00202308,USC00212050,USC00227921,USC00231708,USC00241953,USC00253037,USC00264086,USC00279966,,USC00292207,USC00302599,USC00313919,USC00324646,USC00333095,USC00343489,USC00353109,USC00361790,,,USC00392565,USC00407201,USC00411348,USC00422726,USC00439591,USC00443213,USC00452493,USC00467342,USC00473268,USC00484920
USC00015847,USC00503181,USC00023150,USC00033544,USC00043030,USC00052281,,,USW00012859,USC00094676,,USC00104588,USC00114355,USC00124730,USC00132999,USC00143523,USC00154449,USC00166584,USC00178353,USC00182695,USC00198301,USC00202328,USC00212250,USC00228053,USC00232220,USC00241974,USC00253075,USC00264314,USC00439691,,USC00292219,USC00302868,USC00314260,USC00324656,USC00333722,USC00343497,USC00353193,USC00361802,,,USC00392797,USC00408065,USC00411412,USC00422798,USW00054742,USC00443229,USC00452531,USC00467352,USC00473271,USC00484925
USC00016805,USC00503196,USC00023160,USC00033734,USC00043384,USC00052286,,,USW00012885,USC00094862,,USC00104908,USC00114447,USC00124782,USC00133007,USC00143545,USC00154949,USC00166585,USC00178398,USC00182795,USC00198367,USC00202375,USC00212253,USC00228996,USC00232318,USC00241984,USC00253595,USC00264341,USW00014776,,USC00292436,USC00302934,USC00314456,USC00324726,USC00333874,USC00343623,USC00353430,USC00362265,,,USC00392820,USC00408246,USC00411429,USC00423348,,USC00443267,USC00452540,USC00467846,USC00473332,USC00485055
USC00016833,USC00503205,USC00023303,USC00033761,USC00043392,USC00052326,,,USW00013884,USC00094971,,USC00105011,USC00114489,USC00124880,USC00133288,USC00143554,USC00154956,USC00166657,USC00179314,USC00182860,USC00198368,USC00202376,USC00212500,USC00229000,USC00232568,USC00241989,USC00253615,USC00264391,USW00054770,,USC00292785,USC00303087,USC00314464,USC00324843,USC00333915,USC00343835,USC00353522,USC00362459,,,USC00392822,USC00408527,USC00411492,USC00423418,,USC00443272,USC00453160,USC00467918,USC00473391,USC00485105
USC00016988,USC00503212,USC00023582,USC00034386,USC00043551,USC00052342,,,USW00092809,USC00095666,,USC00105013,USC00114530,USC00125122,USC00133517,USC00143594,USC00154958,USC00166659,USC00179593,USC00183860,USC00198573,USC00202382,USC00212698,USC00229004,USC00232591,USC00241995,USC00253617,USC00264439, Close,,USC00292820,USC00303124,USC00314496,USC00324879,USC00333971,USC00344235,USC00353627,USC00362470,,,USC00393029,USC00408540,USC00411500,USC00423485,,USC00443375,USC00453333,USC00468282,USC00473405,USC00485115
USC00017025,USC00503275,USC00023584,USC00034390,USC00043571,USC00052441,,,USW00093852,USC00095696,,USC00105015,USC00114593,USC00125407,USC00133718,USC00143847,USC00155067,USC00166661,USC00179720,USC00187615,USC00198757,USC00202394,USC00212721,USC00229048,USC00232619,USC00242112,USC00253630,USC00264457,Return,,USC00292854,USC00303284,USC00314619,USC00324937,USC00334258,USC00344451,USC00353692,USC00362537,,,USC00393076,USC00408570,USC00411524,USC00423486,,USC00444044,USC00453357,USC00468308,USC00473702,USC00485137
USC00017131,USC00503299,USC00023586,USC00034528,USC00043573,USC00052494,,,USW00093859,USC00095811,,USC00105038,USC00114598,USC00125435,USC00133909,USC00143867,USC00155230,USC00166686,USC00179891,USC00187700,USC00199175,USC00202691,USC00213076,USC00229101,USC00232981,USC00242122,USC00253652,USC00264698,,,USC00292865,USC00303289,USC00314684,USC00324958,USC00334551,USC00344564,USC00353908,USC00362634,,,USC00393077,USC00408868,USC00411646,USC00423514,,USC00444414,USC00453529,USC00468433,USC00473756,USC00485170
USC00017157,USC00503304,USC00023591,USC00034562,USC00043639,USC00052557,,,,USC00095882,,USC00105043,USC00114603,USC00125607,USC00133980,USC00143897,USC00155232,USC00166794,,USC00187705,USC00199191,USC00202783,USC00213296,USC00229216,USC00233038,USC00242221,USC00253810,USC00264745,,,USC00293157,USC00303322,USC00314860,USC00325013,USC00334581,USC00344567,USC00354276,USC00362677,,,USC00393082,USC00408916,USC00411649,USC00423600,,USC00444568,USC00453546,USC00468777,USC00473800,USC00485252
USC00017328,USC00503368,USC00023596,USC00034625,USC00043669,USC00052593,,,,USC00095979,,USC00105120,USC00114629,USC00125613,USC00133985,USC00143929,USC00155389,USC00166868,,USC00187806,USC00199193,USC00202784,USC00213303,USC00229543,USC00233043,USC00242313,USC00254520,USC00264824,,,USC00293420,USC00303346,USC00314938,USC00325078,USC00334770,USC00344573,USC00354291,USC00362814,,,USC00393211,USC00408953,USC00411651,USC00423624,,USC00444768,USC00453730,USC00469072,USC00473930,USC00485260
USC00017366,USC00503504,USC00023621,USC00034654,USC00043939,USC00052631,,,,USC00095988,,USC00105236,USC00114710,USC00125656,USC00134038,USC00143946,USC00155444,USC00166978,,USC00189030,USC00199371,USC00202788,USC00213727,USC00229743,USC00233066,USC00242347,USC00254690,USC00265132,,,USC00293488,USC00303360,USC00314962,USC00325186,USC00334874,USC00344672,USC00354347,USC00362942,,,USC00393217,USC00409209,USC00411671,USC00424322,,USC00444777,USC00453765,USC00469492,USC00474523,USC00485345
USC00018385,USC00503573,USC00023635,USC00034666,USC00043987,USC00052668,,,,USC00095989,,USC00105376,USC00114805,USC00125658,USC00134049,USC00143984,USC00155569,USC00168067,,USC00189035,USC00199972,USC00202833,USC00213921,USC00229850,USC00233079,USC00242409,USC00254790,USC00265191,,,USC00293505,USC00303416,USC00314970,USC00325210,USC00334926,USC00345063,USC00354357,USC00363047,,,USC00393294,USC00409455,USC00411694,USC00424467,,USC00445096,USC00454191,USC00469522,USC00474555,USC00485355
USC00018391,USC00503585,USC00023668,USC00034938,USC00044082,USC00052761,,,,USC00096038,,USC00105466,USC00114814,USC00125837,USC00134228,USC00143989,USC00155648,USC00168137,,USC00280346,USW00004779,USC00203099,USC00213965,USC00229860,USC00233094,USC00242421,USC00254810,USC00265362,,,USC00293528,USC00303464,USC00315177,USC00325211,USC00334927,USC00345216,USC00354403,USC00363379,,,USC00393302,USC00409481,USC00411720,USC00424527,,USC00445117,USC00454201,USC00469605,USC00475298,USC00485372
USC00018403,USC00503605,USC00023961,USC00035010,USC00044156,USC00052803,,,,USC00096087,,USC00105567,USC00114823,USC00126001,USC00134502,USC00144008,USC00155694,USC00168431,,USC00280690,USW00014753,USC00203337,USC00214068,USW00013939,USC00233102,USC00242689,USC00254906,USC00265371,,,USC00293533,USC00303503,USC00315340,USC00325220,USC00334942,USC00345468,USC00354420,USC00363394,,,USC00393316,USC00409492,USC00411772,USC00424542,,USC00445121,USC00454338,USC00469610,USC00475335,USC00485374
USC00400235,USC00503650,USC00023981,USC00035018,USC00044158,USC00052932,,,,USC00096093,,USC00105678,USC00114837,USC00126018,USC00134547,USC00144087,USC00155834,USC00169235,,USC00285576,USW00014775,USC00203379,USC00214077,USW00013956,USC00233119,USC00242738,USC00255080,USC00265392,,,USC00293565,USC00303662,USC00315356,USC00325320,USC00335268,USC00345509,USC00354615,USC00363417,,,USC00393452,USC00409752,USC00411778,USC00425182,,USC00445150,USC00454360,USW00003802,USC00475364,USC00485435
USW00013871,USC00503670,USC00024053,USC00035036,USC00044227,USC00052947,,,,USC00096148,,USC00105716,USC00114991,USC00126164,USC00134585,USC00144089,USC00156117,USC00169369,,USC00287936,,USC00203391,USC00214093,USW00053858,USC00233369,USC00242783,USC00255310,USC00265400,,,USC00293587,USC00303781,USC00315771,USC00325479,USC00335296,USC00345855,USC00354732,USC00363437,,,USC00393572,USC00409800,USC00411800,USC00425190,,USC00445204,USC00454394,USW00014894,USC00475499,USC00485467
USW00013885,USC00503672,USC00024089,USC00035038,USC00044278,USC00052955,,,,USC00096219,,USC00105841,USC00115272,USC00126179,USC00134735,USC00144104,USC00156122,USC00169631,,USC00360222,,USC00203421,USC00214096,USW00093919,USC00233375,USC00242825,USC00255840,USC00265705,,,USC00293588,USC00303786,USC00315838,USC00325484,USC00335505,USC00346130,USC00355050,USC00363438,,,USC00393574,USW00003811,USC00411903,USC00425247,,USC00445300,USC00454406,,USC00475516,USC00485506
USW00053864,USC00503910,USC00024453,USC00035046,USC00044297,USC00052997,,,,USC00096244,,USC00105897,USC00115280,USC00126400,USC00134758,USC00144109,USC00156155,USC00169803,,USC00360229,,USC00203429,USC00214103,,USC00233416,USC00242827,USC00255868,USC00265722,,,USC00293626,USC00303851,USC00315890,USC00325492,USC00335669,USC00346405,USC00355092,USC00363451,,,USC00393608,USW00003847,USC00411911,USC00425477,,USC00445453,USC00454414,,USC00475525,USC00485770
USW00093806,USC00503925,USC00024578,USC00035112,USC00044590,USC00053006,,,,USC00096335,,USC00105972,USC00115294,USC00126465,USC00135517,USC00144114,USC00156353,USC00169804,,USC00360763,,USC00203504,USC00214106,,USC00233451,USC00242867,USC00256057,USC00265818,,,USC00293706,USC00303955,USC00315922,USC00325813,USC00335857,USC00346485,USC00355162,USC00363632,,,USC00393677,,USC00411934,USC00425930,,USC00445595,USC00454446,,USC00475563,USC00485780
,USC00505010,USC00024586,USC00035187,USC00044675,USC00053146,,,,USC00097046,,USC00106053,USC00115326,USC00126864,USC00135584,USC00144138,USC00156805,USC00226780,,USC00361234,,USC00203527,USC00214213,,USC00233483,USC00243008,USC00256375,USC00265880,,,USC00293775,USC00303961,USC00315923,USC00325818,USC00335908,USC00347196,USC00355384,USC00363651,,,USC00393760,,USC00411974,USC00426123,,USC00445931,USC00454486,,USC00475573,USC00486000
,USC00505051,USC00024683,USC00035358,USC00044701,USC00053359,,,,USC00097276,,USC00106080,USC00115342,USC00126872,USC00135769,USC00144178,USC00156882,,,USC00361591,,USC00203616,USC00214233,,USC00233799,USC00243013,USC00256385,USC00265990,,,USC00293792,USC00303983,USC00315996,USC00326015,USC00336405,USC00347246,USC00355389,USC00363662,,,USC00393764,,USC00411995,USC00426135,,USC00446470,USC00454572,,USC00475581,USC00486120
,USC00505136,USC00024702,USC00035376,USC00044705,USC00053446,,,,USC00097740,,USC00106174,USC00115372,USC00126989,USC00135796,USC00144313,USC00156988,,,USC00361652,,USC00204078,USC00214418,,USC00234019,USC00243089,USC00256880,USC00266005,,,USC00293969,USC00304045,USC00316044,USC00326155,USC00336498,USC00347254,USC00355392,USC00363665,,,USC00393832,,USC00412012,USC00426181,,USC00446475,USC00454601,,USC00475718,USC00486165
,USC00505374,USC00024849,USC00035508,USC00044838,USC00053486,,,,USC00097777,,USC00106388,USC00115380,USC00127370,USC00135952,USC00144712,USC00157130,,,USC00362459,,USC00204153,USC00214809,,USC00234136,USC00243098,USC00257002,USC00266055,,,USC00294028,USC00304555,USC00316256,USC00326158,USC00337559,USC00347309,USC00355505,USC00363698,,,USC00393838,,USC00412014,USC00426404,,USC00446573,USC00454619,,USC00475786,USC00486175
,USC00505397,USC00024872,USC00035512,USC00044863,USC00053489,,,,USC00097808,,USC00106421,USC00115405,USC00127482,USC00136103,USC00144982,USC00157215,,,USC00362537,,USC00204425,USC00214884,,USC00234154,USC00243157,USC00257055,USC00266148,,,USC00294101,USC00304647,USC00316341,USC00326195,USC00337926,USC00347327,USC00355515,USC00363928,,,USC00393857,,USC00412082,USC00426405,,USC00446626,USC00454748,,USC00475863,USC00486185
,USC00505728,USC00024999,USC00035562,USC00044997,USC00053496,,,,USC00097827,,USC00106424,USC00115413,USC00127522,USC00136196,USC00145039,USC00157592,,,USC00363437,,USC00204655,USC00214918,,USC00234158,USC00243175,USC00257515,USC00266242,,,USC00294112,USC00304849,USC00316452,USC00326255,USC00337935,USC00347579,USC00355545,USC00364019,,,USC00393868,,USC00412125,USC00426534,,USC00446656,USC00454764,,USC00476510,USC00486195
,USC00505734,USC00025270,USC00035563,USC00045026,USC00053508,,,,USC00098064,,USC00106493,USC00115493,USC00127646,USC00136305,USC00145063,USC00157652,,,USC00363662,,USC00204967,USC00214989,,USC00234192,USC00243280,USC00257668,USC00266252,,,USC00294127,USC00304996,USC00316778,USC00326620,USC00338025,USC00347785,USC00355593,USC00364190,,,USC00393945,,USC00412173,USC00426538,,USC00446692,USC00454769,,USC00476594,USC00486428
,USC00505757,USC00025312,USC00035576,USC00045120,USC00053652,,,,USC00098476,,USC00106681,USC00115712,USC00127724,USC00136316,USC00145115,USC00157677,,,USC00363665,,USC00204969,USC00214990,,USC00234226,USC00243372,USC00258040,USC00266504,,,USC00294366,USC00305233,USC00317079,USC00326743,USC00338062,USC00348042,USC00355610,USC00364214,,,USC00394184,,USC00412235,USC00426568,,USC00446747,USC00454782,,USC00476646,USC00486595
,USC00505778,USC00025412,USC00036248,USC00045182,USC00053867,,,,USC00098496,,USC00106764,USC00115825,USC00127747,USC00136527,USC00145248,USC00158259,,,USC00363698,,USC00205050,USC00214994,,USC00234382,USC00243434,USC00258320,USC00266514,,,USC00294719,USC00305291,USC00317097,USC00326857,USC00338313,USC00348110,USC00356004,USC00364258,,,USC00394206,,USC00412238,USC00426652,,USC00446906,USC00455086,,USC00476678,USC00487031
,USC00505880,USC00025494,USC00036768,USC00045233,USC00053975,,,,USC00098547,,USC00106891,USC00115841,USC00127755,USC00136719,USC00145306,USC00158551,,,USC00364019,,USC00205073,USC00215012,,USC00234417,USC00243437,USC00258360,USC00266574,,,USC00294742,USC00305310,USC00317197,USC00327027,USC00338325,USC00348627,USC00356021,USC00364370,,,USC00394413,,USC00412239,USC00426910,,USC00446926,USC00455110,,USC00476859,USC00487078
,USC00505881,USC00025512,USC00036804,USC00045377,USC00054054,,,,USC00098666,,USC00106930,USC00115846,USC00128290,USC00136800,USC00145371,USC00158709,,,USC00364758,,USC00205452,USC00215020,,USC00234544,USC00243445,USC00258395,USC00266630,,,USC00294770,USC00305334,USC00317202,USC00327120,USC00338353,USC00348708,USC00356033,USC00364385,,,USC00394556,,USC00412243,USC00426915,,USC00446955,USC00455133,,USC00476922,USC00487235
,USC00506147,USC00025635,USC00036823,USC00045378,USC00054135,,,,USC00098740,,USC00106985,USC00115927,USC00128352,USC00136940,USC00145421,USW00003814,,,USC00364763,,USC00205488,USC00215073,,USC00234625,USC00243617,USC00258410,USC00267319,,,USC00294858,USC00305377,USC00317319,USC00327270,USC00338656,USC00348884,USC00356035,USC00364481,,,USC00395088,,USC00412266,USC00426919,,USC00447275,USC00455156,,USC00477052,USC00487236
,USC00506157,USC00025700,USC00036918,USC00045571,USC00054172,,,,USC00099124,,USC00107386,USC00115943,USC00128437,USC00137410,USC00145483,USW00003849,,,USC00364768,,USC00205531,USC00215175,,USC00234850,USC00243712,USC00258751,USC00267609,,,USC00294936,USC00305380,USC00317346,USC00328872,USC00338794,USC00348951,USC00356173,USC00364758,,,USC00395154,,USC00412352,USC00427026,,USC00447278,USC00455613,,USC00477113,USC00487240
,USC00506227,USC00025733,USC00036928,USC00045779,USC00054234,,,,USC00099466,,USC00107536,USC00115950,USC00128528,USC00137594,USC00145528,,,,USC00364896,,USC00205533,USC00215488,,USC00234919,USC00243727,USC00258795,USC00267612,,,USC00294960,USC00305540,USC00317789,USC00328877,USC00338822,USC00349017,USC00356179,USC00364763,,,USC00395184,,USC00412403,USC00427408,,USC00447435,USC00455670,,USC00477115,USC00487528
,USC00506656,USC00025780,USC00037262,USC00045790,USC00054538,,,,USC00099486,,USC00107563,USC00115961,USC00128698,USC00137613,USC00146076,,,,USC00365623,,USC00205567,USC00215586,,USC00234978,USC00243731,USC00258806,USC00267682,,,USC00295079,USC00305604,USC00318492,USC00328913,USC00338870,USC00349101,USC00356213,USC00364768,,,USC00395281,,USC00412408,USC00427559,,USC00447492,USC00455673,,USC00477132,USC00487548
,USC00506727,USC00025921,USC00037712,USC00045795,USC00054542,,,,USC00405429,,USC00107721,USC00116025,USC00128999,USC00137664,USC00146084,,,,USC00366028,,USC00205591,USC00215589,,USC00234982,USC00243736,USC00258875,USC00267690,,,USC00295290,USC00305606,USC00318500,USC00328970,USC00339220,USC00349247,USC00356243,USC00364896,,,USC00395285,,USC00412617,USC00427753,,USC00447501,USC00455674,,USC00477142,USC00487555
,USC00506760,USC00026124,USC00037772,USC00045802,USC00054546,,,,USW00013861,,USC00107858,USC00116080,USC00129064,USC00137844,USC00146100,,,,USC00366194,,USC00205892,USC00215838,,USC00235050,USC00243749,USC00258878,USC00267691,,,USC00295353,USC00305840,USC00318519,USC00328990,USW00003871,USC00349278,USC00356251,USC00365104,,,USC00395320,,USC00412676,USC00427800,,USC00447541,USC00455678,,USC00477174,USC00487683
,USC00506769,USC00026180,USW00003918,USC00045901,USC00054686,,,,,,USC00108022,USC00116093,USC00129138,USC00137859,USC00146115,,,,USC00366879,,USC00206003,USC00215842,,USC00235093,USC00243753,USC00258905,USC00268160,,,USC00295490,USC00306028,USC00318694,USC00329155,USW00093812,USC00349291,USC00356500,USC00365109,,,USC00395360,,USC00412679,USC00428478,,USC00447904,USC00455688,,USC00478164,USC00487760
,USC00507095,USC00026186,USW00003962,USC00046006,USC00054724,,,,,,USC00108076,USC00116157,USC00129253,USC00137892,USC00146242,,,,USC00366884,,USC00206013,USC00215989,,USC00235227,USC00243885,USC00258915,USC00429383,,,USC00295502,USC00306047,USC00318744,USC00329233,USW00093818,USC00349629,USC00356550,USC00365212,,,USC00395381,,USC00412792,USC00428771,,USC00447925,USC00455704,,USC00478229,USC00487830
,USC00507105,USC00026242,USW00013971,USC00046154,USC00054734,,,,,,USC00108080,USC00116159,USC00129271,USC00137925,USC00146333,,,,USC00366899,,USC00206398,USC00216007,,USC00235307,USC00243888,USC00258920,USS0015N09S,,,USC00295516,USC00306062,USC00318754,USC00329238,USW00093824,USC00349760,USC00356634,USC00365336,,,USC00395406,,USC00412818,USC00428900,,USC00448084,USC00455774,,USC00478267,USC00488124
,USC00507304,USC00026250,USW00053919,USC00046305,USC00054736,,,,,,USC00108089,USC00116200,USC00129381,USC00138255,USC00146378,,,,USC00367938,,USC00206404,USC00216547,,USC00235492,USC00243915,USC00258935,USS0015N10S,,,USC00295560,USC00306314,USC00318906,USC00329246,USW00093891,USC00349985,USC00356717,USC00365573,,,USC00395421,,USC00412906,USW00023177,,USC00448129,USC00455832,,USC00478316,USC00488157
,USC00507365,USC00026471,USW00053922,USC00046336,USC00054742,,,,,,USC00108500,USC00116819,USC00129427,USC00138266,USC00146414,,,,USC00368073,,USC00206442,USC00216565,,USC00235700,USC00243929,USC00259090,USS0015N11S,,,USC00295610,USC00306368,USC00318964,USC00329333,,USW00003030,USC00356749,USC00365623,,,USC00395432,,USC00412950,USW00024175,,USC00448600,USC00455840,,USC00478349,USC00488852
,USC00507444,USC00026581,USW00093988,USC00046399,USC00054750,,,,,,USC00108928,USC00116837,USC00129724,USC00138296,USC00146427,,,,USC00369420,,USC00206510,USC00216822,,USC00235704,USC00243934,USC00259193,USW00024172,,,USC00295691,USC00306538,USC00319026,USC00329400,,USW00003959,USC00356750,USC00365651,,,USC00395456,,USC00412965,,,USC00448737,USC00455946,,USC00478376,USC00488888
,USC00507513,USC00026597,,USC00046528,USC00054762,,,,,,USC00108937,USC00116998,USW00013803,USC00138339,USC00146746,,,,USC00369503,,USC00206587,USC00216839,,USC00236040,USC00243939,USC00259200,,,,USC00295725,USC00306747,USC00319081,USW00014912,,USW00013969,USC00356820,USC00365686,,,USC00395481,,USC00413214,,,USC00448800,USC00456039,,USC00478540,USC00488997
,USC00507570,USC00026601,,USC00046597,USC00054825,,,,,,USC00109000,USC00117004,USW00094895,USC00138806,USC00147093,,,,USC00369650,,USC00206590,USC00217087,,USC00236641,USC00243984,USC00393440,,,,USC00295754,USC00306789,USC00319100,USW00014916,,USW00013975,USC00357000,USC00365738,,,USC00395531,,USC00413262,,,USC00448803,USC00456262,,USC00478561,USC00489467
,USC00507778,USC00026603,,USC00046624,USC00055048,,,,,,USC00109029,USC00117067,,USC00138852,USC00147153,,,,USC00440090,,USC00206642,USC00217107,,USC00236775,USC00244020,USW00014904,,,,USC00296061,USC00306867,USC00319122,USW00014919,,USW00053913,USC00357082,USC00366022,,,USC00395547,,USC00413265,,,USC00448837,USC00456410,,USC00478723,USC00489580
,USC00507780,USC00026796,,USC00046635,USC00055056,,,,,,USC00109293,USC00117187,,USW00014930,USC00147195,,,,USC00440097,,USC00206661,USC00217326,,USC00236777,USC00244038,USW00024020,,,,USC00296079,USC00306965,USC00319147,USW00094041,,USW00093986,USC00357169,USC00366028,,,USC00395561,,USC00413266,,,USC00448938,USC00456534,,USC00478750,USS0009F24S
,USC00508107,USC00027081,,USC00046657,USC00055116,,,,,,USC00109294,USC00117336,,USW00014931,USC00147534,,,,USC00441687,,USC00206662,USC00217602,,USC00236799,USC00244084,USW00024030,,,,USC00296098,USC00307033,USC00319440,,,,USC00357208,USC00366037,,,USC00395638,,USC00413341,,,USW00013731,USC00456553,,USC00478827,USS0009G09S
,USC00508341,USC00027281,,USC00046678,USC00055402,,,,,,USC00109299,USC00117345,,USW00014932,USC00147546,,,,USC00442009,,USC00206663,USC00217740,,USC00236826,USC00244133,,,,,USC00296465,USC00307035,USC00319700,,,,USC00357235,USC00366042,,,USC00395641,,USC00413411,,,USW00013732,USC00456624,,USC00478910,USS0010E09S
,USC00508350,USC00027326,,USC00047228,USC00055408,,,,,,USC00480124,USC00117349,,USW00014933,USC00148038,,,,USC00442635,,USC00206840,USC00217907,,USC00236874,USC00244180,,,,,USC00296619,USC00307115,USC00319704,,,,USC00357277,USC00366055,,,USC00395648,,USC00413415,,,USW00013733,USC00456747,,USC00479144,USW00024019
,USC00508375,USC00027388,,USC00047231,USC00055422,,,,,,USS0014F04S,USC00117457,,USW00014934,USC00148340,,,,USC00442809,,USC00207068,USC00218254,,USC00237116,USC00244364,,,,,USC00296630,USC00307134,USW00013746,,,,USC00357285,USC00366090,,,USC00395669,,USC00413420,,,USW00013742,USC00456846,,USC00479190,USW00024022
,USC00508525,USC00027390,,USC00047253,USC00055427,,,,,,USS0015E09S,USC00117487,,USW00014937,USC00148341,,,,USC00444101,,USC00207094,USC00218311,,USC00237122,USC00244506,,,,,USC00296659,USC00307210,USW00013872,,,,USC00357310,USC00366098,,,USC00395671,,USC00413485,,,USW00013868,USC00456864,,USC00479236,USW00024027
,USC00508547,USC00027435,,USC00047641,USC00055484,,,,,,USS0015F04S,USC00117590,,USW00014940,USC00148427,,,,USC00444600,,USC00207188,USC00218323,,USC00237263,USC00244512,,,,,USC00296676,USC00307250,,,,,USC00357533,USC00366111,,,USC00395691,,USC00413546,,,USW00093739,USC00457038,,USC00479319,USW00024031
,USC00508554,USC00027462,,USC00047668,USC00056023,,,,,,USS0016A14S,USC00117636,,USW00014943,USC00148535,,,,USC00445338,,USC00207190,USC00218419,,USC00237309,USC00244522,,,,,USC00296687,USC00307291,,,,,USC00357559,USC00366151,,,USC00395711,,USC00413591,,,,USC00457059,,USW00014921,USW00094173
,USC00508594,USC00027475,,USC00047672,USC00056266,,,,,,USW00004112,USC00117876,,USW00014950,USC00148563,,,,USC00445983,,USC00207217,USC00218421,,USC00237388,USC00244527,,,,,USC00296804,USC00307317,,,,,USC00357586,USC00366194,,,USC00395733,,USC00413618,,,,USC00457340,,USW00094930,
,USC00508727,USC00027488,,USC00047689,USC00056271,,,,,,USW00024131,USC00117952,,USW00014990,USC00148578,,,,USC00446161,,USC00207220,USC00218543,,USC00237452,USC00244530,,,,,USC00297180,USC00307480,,,,,USC00357631,USC00366198,,,USC00396054,,USC00413622,,,,USC00457342,,,
,USC00508745,USC00027496,,USC00047711,USC00056280,,,,,,USW00024133,USC00118147,,USW00014993,USC00148648,,,,USC00446533,,USC00207222,USC00218579,,USC00237465,USC00244538,,,,,USC00297226,USC00307587,,,,,USC00358007,USC00366879,,,USC00397073,,USC00413623,,,,USC00457522,,,
,USC00508813,USC00027530,,USC00047813,USC00056306,,,,,,USW00094143,USC00118186,,,USC00148914,,,,USC00448224,,USC00207253,USC00218618,,USC00237475,USC00244545,,,,,USC00297254,USC00307659,,,,,USC00358095,USC00366884,,,USW00024024,,USC00413640,,,,USC00457544,,,
,USC00508855,USC00027555,,USC00047821,USC00056307,,,,,,,USC00118353,,,USC00148964,,,,USC00448323,,USC00207280,USC00218673,,USC00238051,USC00244563,,,,,USC00297279,USC00307728,,,,,USC00358245,USC00366899,,,USW00024025,,USC00413668,,,,USC00457657,,,
,USC00508884,USC00027560,,USC00048025,USC00056318,,,,,,,USC00118389,,,USC00230147,,,,USC00448331,,USC00207312,USC00218679,,USC00238184,USC00244645,,,,,USC00297280,USC00307742,,,,,USC00358338,USC00367116,,,USW00094950,,USC00413673,,,,USC00457680,,,
,USC00508886,USC00027567,,USC00048045,USC00056320,,,,,,,USC00118452,,,USW00003919,,,,USC00448829,,USC00207350,USC00218700,,USC00238610,USC00244663,,,,,USC00297477,USC00307842,,,,,USC00358407,USC00367217,,,,,USC00413680,,,,USC00457690,,,
,USC00508915,USC00027708,,USC00048122,USC00056323,,,,,,,USC00118460,,,USW00003936,,,,USC00449025,,USC00207358,USC00218808,,USC00238620,USC00244675,,,,,USC00297588,USC00308036,,,,,USC00358410,USC00367229,,,,,USC00413686,,,,USC00457727,,,
,USC00508945,USC00027849,,USC00048207,USC00056326,,,,,,,USC00118604,,,USW00013980,,,,USC00449151,,USC00207407,USC00219015,,USC00238664,USC00244820,,,,,USC00297930,USC00308080,,,,,USC00358420,USC00367312,,,,,USC00413734,,,,USC00457773,,,
,USC00509085,USC00027855,,USC00048380,USC00056559,,,,,,,USC00118634,,,USW00013981,,,,USW00013777,,USC00207515,USC00219134,,USC00238712,USC00244954,,,,,USC00298087,USC00308086,,,,,USC00358494,USC00367313,,,,,USC00413778,,,,USC00457794,,,
,USC00509410,USC00028326,,USC00048463,USC00056651,,,,,,,USC00118684,,,USW00023064,,,,USW00013779,,USC00207684,USW00014992,,USC00238740,USC00244978,,,,,USC00298088,USC00308088,,,,,USC00358536,USC00367322,,,,,USC00413884,,,,USC00457933,,,
,USC00509421,USC00028468,,USC00048479,USC00056765,,,,,,,USC00118756,,,USW00093990,,,,USW00014712,,USC00208172,,,USC00238746,USC00244979,,,,,USC00298095,USC00308096,,,,,USC00358588,USC00367338,,,,,USC00413972,,,,USC00457956,,,
,USC00509428,USC00028796,,USC00048562,USC00056767,,,,,,,USC00118860,,,USW00093997,,,,USW00093720,,USC00208202,,,USW00003935,USC00245000,,,,,USC00298650,USC00308104,,,,,USC00358833,USC00367409,,,,,USC00414058,,,,USC00458034,,,
,USC00509460,USC00028800,,USC00048587,USC00056816,,,,,,,USC00118916,,,,,,,USW00093725,,USC00208249,,,USW00013982,USC00245011,,,,,USC00298769,USC00308248,,,,,USC00358837,USC00367417,,,,,USC00414182,,,,USC00458089,,,
,USC00509702,USC00028865,,USC00048655,USC00056977,,,,,,,USC00119002,,,,,,,,,USC00208252,,,USW00093958,USC00245015,,,,,USC00298919,USC00308304,,,,,USC00358879,USC00367477,,,,,USC00414328,,,,USC00458207,,,
,USC00509765,USC00028895,,USC00048752,USC00057187,,,,,,,USC00119029,,,,,,,,,USC00208345,,,USW00093994,USC00245123,,,,,USC00299031,USC00308321,,,,,USC00358884,USC00367578,,,,,USC00414333,,,,USC00458278,,,
,USC00509859,USC00029007,,USC00048829,USC00057249,,,,,,,USC00119822,,,,,,,,,USC00208417,,,USW00093995,USC00245144,,,,,USC00299085,USC00308386,,,,,USC00358985,USC00367782,,,,,USC00414348,,,,USC00458442,,,
,USW00025323,USC00029015,,USC00048873,USC00057287,,,,,,,USC00237578,,,,,,,,,USC00208434,,,USW00093996,USC00245146,,,,,USC00299113,USC00308388,,,,,USC00358997,USC00367863,,,,,USC00414483,,,,USC00458508,,,
,USW00025506,USC00029150,,USC00048904,USC00057296,,,,,,,USW00014810,,,,,,,,,USC00208443,,,,USC00245153,,,,,USC00299128,USC00308578,,,,,USC00359051,USC00367931,,,,,USC00414517,,,,USC00458521,,,
,USW00025507,USC00029156,,USC00048914,USC00057309,,,,,,,USW00014844,,,,,,,,,USC00208506,,,,USC00245164,,,,,USC00299148,USC00308721,,,,,USC00359068,USC00367938,,,,,USC00414524,,,,USC00458540,,,
,USW00026422,USC00029158,,USC00049024,USC00057315,,,,,,,USW00014874,,,,,,,,,USC00208650,,,,USC00245177,,,,,USC00299165,USC00308733,,,,,USC00359176,USC00368011,,,,,USC00414525,,,,USC00458959,,,
,USW00026425,USC00029211,,USC00049026,USC00057317,,,,,,,USW00093809,,,,,,,,,USC00208774,,,,USC00245211,,,,,USC00299304,USC00308773,,,,,USS0018D19S,USC00368073,,,,,USC00414563,,,,USC00458999,,,
,USW00026453,USC00029271,,USC00049040,USC00057560,,,,,,,USW00093989,,,,,,,,,USC00208800,,,,USC00245337,,,,,USC00299330,USC00308831,,,,,USS0020G06S,USC00368078,,,,,USC00414570,,,,USC00459074,,,
,USW00026502,USC00029287,,USC00049056,USC00057572,,,,,,,,,,,,,,,,USC00208890,,,,USC00245338,,,,,USC00299496,USC00308833,,,,,USS0022F05S,USC00368359,,,,,USC00414577,,,,USC00459079,,,
,USW00026509,USC00029309,,USC00049087,USC00057582,,,,,,,,,,,,,,,,USC00208941,,,,USC00245556,,,,,USC00299754,USC00308906,,,,,USW00024148,USC00368668,,,,,USC00414597,,,,USC00459130,,,
,USW00026529,USC00029334,,USC00049099,USC00057618,,,,,,,,,,,,,,,,USC00209188,,,,USC00245666,,,,,USC00299806,USC00308910,,,,,USW00024152,USC00368873,,,,,USC00414670,,,,USC00459160,,,
,USW00026618,USC00029645,,USC00049102,USC00057656,,,,,,,,,,,,,,,,USW00004856,,,,USC00245735,,,,,USC00299820,USC00308932,,,,,USW00024230,USC00368905,,,,,USC00414710,,,,USC00459291,,,
,,USC00029652,,USC00049105,USC00058212,,,,,,,,,,,,,,,,USW00014814,,,,USC00245740,,,,,USS0005N04S,USC00309049,,,,,USW00024231,USC00369318,,,,,USC00414782,,,,USC00459455,,,
,,USC00029653,,USC00049185,USC00058436,,,,,,,,,,,,,,,,USW00014824,,,,USC00245754,,,,,USS0005N14S,USC00309189,,,,,USW00024274,USC00369362,,,,,USC00414848,,,,USC00459460,,,
,,USW00003192,,USC00049251,USC00058454,,,,,,,,,,,,,,,,USW00014850,,,,USC00245869,,,,,USS0005N16S,USC00309270,,,,,USW00024284,USC00369367,,,,,USC00415013,,,,USC00459463,,,
,,USW00003196,,USC00049390,USC00058501,,,,,,,,,,,,,,,,USW00014853,,,,USC00245870,,,,,USS0005N18S,USC00309690,,,,,USW00094107,USC00369407,,,,,USC00415120,,,,USS0017C06S,,,
,,USW00023160,,USC00049599,USC00058575,,,,,,,,,,,,,,,,USW00014858,,,,USC00245872,,,,,USS0005P08S,USW00004727,,,,,,USC00369420,,,,,USC00415193,,,,USS0021B17S,,,
,,,,USC00049677,USC00058742,,,,,,,,,,,,,,,,USW00054813,,,,USC00245873,,,,,USS0005P09S,USW00014747,,,,,,USC00369460,,,,,USC00415229,,,,USS0021B60S,,,
,,,,USC00049684,USC00058756,,,,,,,,,,,,,,,,,,,,USC00245876,,,,,USW00003027,USW00014748,,,,,,USC00369503,,,,,USC00415265,,,,USW00024163,,,
,,,,USC00049822,USC00058781,,,,,,,,,,,,,,,,,,,,USC00246472,,,,,USW00023081,USW00014750,,,,,,USC00369650,,,,,USC00415271,,,,USW00024219,,,
,,,,USC00049855,USC00058839,,,,,,,,,,,,,,,,,,,,USC00246475,,,,,USW00023090,USW00014772,,,,,,USC00369733,,,,,USC00415274,,,,USW00024222,,,
,,,,USC00049859,USC00058860,,,,,,,,,,,,,,,,,,,,USC00246534,,,,,USW00093063,USW00014797,,,,,,USC00369735,,,,,USC00415477,,,,USW00024223,,,
,,,,USC00049866,USC00058992,,,,,,,,,,,,,,,,,,,,USC00246601,,,,,,USW00054780,,,,,,USC00369738,,,,,USC00415579,,,,USW00024239,,,
,,,,USC00049881,USC00059183,,,,,,,,,,,,,,,,,,,,USC00246615,,,,,,USW00094704,,,,,,USC00369823,,,,,USC00415589,,,,USW00094225,,,
,,,,USS0019L42S,USC00059213,,,,,,,,,,,,,,,,,,,,USC00246618,,,,,,USW00094745,,,,,,USW00004787,,,,,USC00415596,,,,USW00094239,,,
,,,,USW00003104,USC00059265,,,,,,,,,,,,,,,,,,,,USC00246635,,,,,,USW00094790,,,,,,USW00013779,,,,,USC00415611,,,,,,,
,,,,USW00003159,USC00059275,,,,,,,,,,,,,,,,,,,,USC00246640,,,,,,,,,,,,USW00014712,,,,,USC00415836,,,,,,,
,,,,USW00023161,USS0005J10S,,,,,,,,,,,,,,,,,,,,USC00246647,,,,,,,,,,,,USW00014736,,,,,USC00415852,,,,,,,
,,,,USW00023190,USS0005M03S,,,,,,,,,,,,,,,,,,,,USC00246655,,,,,,,,,,,,USW00014754,,,,,USC00415859,,,,,,,
,,,,USW00023232,USS0005M13S,,,,,,,,,,,,,,,,,,,,USC00246660,,,,,,,,,,,,USW00014760,,,,,USC00416074,,,,,,,
,,,,USW00023272,USS0006J01S,,,,,,,,,,,,,,,,,,,,USC00246685,,,,,,,,,,,,,,,,,USC00416104,,,,,,,
,,,,USW00093106,USS0006K01S,,,,,,,,,,,,,,,,,,,,USC00246691,,,,,,,,,,,,,,,,,USC00416108,,,,,,,
,,,,USW00093184,USS0006K12S,,,,,,,,,,,,,,,,,,,,USC00246747,,,,,,,,,,,,,,,,,USC00416119,,,,,,,
,,,,USW00093209,USS0006L03S,,,,,,,,,,,,,,,,,,,,USC00246862,,,,,,,,,,,,,,,,,USC00416135,,,,,,,
,,,,USW00093218,USS0006M22S,,,,,,,,,,,,,,,,,,,,USC00246893,,,,,,,,,,,,,,,,,USC00416286,,,,,,,
,,,,USW00093219,USS0007J05S,,,,,,,,,,,,,,,,,,,,USC00246900,,,,,,,,,,,,,,,,,USC00416499,,,,,,,
,,,,,USS0007K11S,,,,,,,,,,,,,,,,,,,,USC00246918,,,,,,,,,,,,,,,,,USC00416644,,,,,,,
,,,,,USS0008L02S,,,,,,,,,,,,,,,,,,,,USC00246927,,,,,,,,,,,,,,,,,USC00416664,,,,,,,
,,,,,USW00003017,,,,,,,,,,,,,,,,,,,,USC00246986,,,,,,,,,,,,,,,,,USC00416680,,,,,,,
,,,,,USW00023062,,,,,,,,,,,,,,,,,,,,USC00247020,,,,,,,,,,,,,,,,,USC00416733,,,,,,,
,,,,,USW00023068,,,,,,,,,,,,,,,,,,,,USC00247140,,,,,,,,,,,,,,,,,USC00416794,,,,,,,
,,,,,USW00023070,,,,,,,,,,,,,,,,,,,,USC00247220,,,,,,,,,,,,,,,,,USC00416825,,,,,,,
,,,,,USW00093009,,,,,,,,,,,,,,,,,,,,USC00247228,,,,,,,,,,,,,,,,,USC00416950,,,,,,,
,,,,,USW00093010,,,,,,,,,,,,,,,,,,,,USC00247234,,,,,,,,,,,,,,,,,USC00416959,,,,,,,
,,,,,USW00093032,,,,,,,,,,,,,,,,,,,,USC00247318,,,,,,,,,,,,,,,,,USC00416960,,,,,,,
,,,,,,,,,,,,,,,,,,,,,,,,,USC00247342,,,,,,,,,,,,,,,,,USC00417044,,,,,,,
,,,,,,,,,,,,,,,,,,,,,,,,,USC00247382,,,,,,,,,,,,,,,,,USC00417116,,,,,,,
,,,,,,,,,,,,,,,,,,,,,,,,,USC00247500,,,,,,,,,,,,,,,,,USC00417215,,,,,,,
,,,,,,,,,,,,,,,,,,,,,,,,,USC00247630,,,,,,,,,,,,,,,,,USC00417230,,,,,,,
,,,,,,,,,,,,,,,,,,,,,,,,,USC00247718,,,,,,,,,,,,,,,,,USC00417300,,,,,,,
,,,,,,,,,,,,,,,,,,,,,,,,,USC00247735,,,,,,,,,,,,,,,,,USC00417426,,,,,,,
,,,,,,,,,,,,,,,,,,,,,,,,,USC00247894,,,,,,,,,,,,,,,,,USC00417481,,,,,,,
,,,,,,,,,,,,,,,,,,,,,,,,,USC00247964,,,,,,,,,,,,,,,,,USC00417533,,,,,,,
,,,,,,,,,,,,,,,,,,,,,,,,,USC00247967,,,,,,,,,,,,,,,,,USC00417588,,,,,,,
,,,,,,,,,,,,,,,,,,,,,,,,,USC00247996,,,,,,,,,,,,,,,,,USC00417622,,,,,,,
,,,,,,,,,,,,,,,,,,,,,,,,,USC00248093,,,,,,,,,,,,,,,,,USC00417704,,,,,,,
,,,,,,,,,,,,,,,,,,,,,,,,,USC00248156,,,,,,,,,,,,,,,,,USC00417706,,,,,,,
,,,,,,,,,,,,,,,,,,,,,,,,,USC00248161,,,,,,,,,,,,,,,,,USC00417730,,,,,,,
,,,,,,,,,,,,,,,,,,,,,,,,,USC00248165,,,,,,,,,,,,,,,,,USC00417743,,,,,,,
,,,,,,,,,,,,,,,,,,,,,,,,,USC00248202,,,,,,,,,,,,,,,,,USC00417744,,,,,,,
,,,,,,,,,,,,,,,,,,,,,,,,,USC00248207,,,,,,,,,,,,,,,,,USC00417756,,,,,,,
,,,,,,,,,,,,,,,,,,,,,,,,,USC00248379,,,,,,,,,,,,,,,,,USC00417841,,,,,,,
,,,,,,,,,,,,,,,,,,,,,,,,,USC00248390,,,,,,,,,,,,,,,,,USC00417873,,,,,,,
,,,,,,,,,,,,,,,,,,,,,,,,,USC00248392,,,,,,,,,,,,,,,,,USC00417921,,,,,,,
,,,,,,,,,,,,,,,,,,,,,,,,,USC00248430,,,,,,,,,,,,,,,,,USC00417936,,,,,,,
,,,,,,,,,,,,,,,,,,,,,,,,,USC00248473,,,,,,,,,,,,,,,,,USC00418022,,,,,,,
,,,,,,,,,,,,,,,,,,,,,,,,,USC00248488,,,,,,,,,,,,,,,,,USC00418043,,,,,,,
,,,,,,,,,,,,,,,,,,,,,,,,,USC00248495,,,,,,,,,,,,,,,,,USC00418081,,,,,,,
,,,,,,,,,,,,,,,,,,,,,,,,,USC00248498,,,,,,,,,,,,,,,,,USC00418323,,,,,,,
,,,,,,,,,,,,,,,,,,,,,,,,,USC00248857,,,,,,,,,,,,,,,,,USC00418335,,,,,,,
,,,,,,,,,,,,,,,,,,,,,,,,,USC00248902,,,,,,,,,,,,,,,,,USC00418449,,,,,,,
,,,,,,,,,,,,,,,,,,,,,,,,,USC00248927,,,,,,,,,,,,,,,,,USC00418523,,,,,,,
,,,,,,,,,,,,,,,,,,,,,,,,,USC00248930,,,,,,,,,,,,,,,,,USC00418561,,,,,,,
,,,,,,,,,,,,,,,,,,,,,,,,,USC00248957,,,,,,,,,,,,,,,,,USC00418583,,,,,,,
,,,,,,,,,,,,,,,,,,,,,,,,,USC00249033,,,,,,,,,,,,,,,,,USC00418625,,,,,,,
,,,,,,,,,,,,,,,,,,,,,,,,,USC00249067,,,,,,,,,,,,,,,,,USC00418692,,,,,,,
,,,,,,,,,,,,,,,,,,,,,,,,,USC00249082,,,,,,,,,,,,,,,,,USC00418773,,,,,,,
,,,,,,,,,,,,,,,,,,,,,,,,,USC00249103,,,,,,,,,,,,,,,,,USC00419014,,,,,,,
,,,,,,,,,,,,,,,,,,,,,,,,,USC00249175,,,,,,,,,,,,,,,,,USC00419016,,,,,,,
,,,,,,,,,,,,,,,,,,,,,,,,,USC00249185,,,,,,,,,,,,,,,,,USC00419031,,,,,,,
,,,,,,,,,,,,,,,,,,,,,,,,,USC00249187,,,,,,,,,,,,,,,,,USC00419068,,,,,,,
,,,,,,,,,,,,,,,,,,,,,,,,,USC00249192,,,,,,,,,,,,,,,,,USC00419139,,,,,,,
,,,,,,,,,,,,,,,,,,,,,,,,,USC00249240,,,,,,,,,,,,,,,,,USC00419147,,,,,,,
,,,,,,,,,,,,,,,,,,,,,,,,,USC00249900,,,,,,,,,,,,,,,,,USC00419295,,,,,,,
,,,,,,,,,,,,,,,,,,,,,,,,,USS0010C03S,,,,,,,,,,,,,,,,,USC00419367,,,,,,,
,,,,,,,,,,,,,,,,,,,,,,,,,USS0012B14S,,,,,,,,,,,,,,,,,USC00419421,,,,,,,
,,,,,,,,,,,,,,,,,,,,,,,,,USS0013A25S,,,,,,,,,,,,,,,,,USC00419480,,,,,,,
,,,,,,,,,,,,,,,,,,,,,,,,,USW00024033,,,,,,,,,,,,,,,,,USC00419491,,,,,,,
,,,,,,,,,,,,,,,,,,,,,,,,,USW00024035,,,,,,,,,,,,,,,,,USC00419499,,,,,,,
,,,,,,,,,,,,,,,,,,,,,,,,,USW00024037,,,,,,,,,,,,,,,,,USC00419522,,,,,,,
,,,,,,,,,,,,,,,,,,,,,,,,,USW00024040,,,,,,,,,,,,,,,,,USC00419532,,,,,,,
,,,,,,,,,,,,,,,,,,,,,,,,,USW00024135,,,,,,,,,,,,,,,,,USC00419559,,,,,,,
,,,,,,,,,,,,,,,,,,,,,,,,,USW00024137,,,,,,,,,,,,,,,,,USC00419565,,,,,,,
,,,,,,,,,,,,,,,,,,,,,,,,,USW00024139,,,,,,,,,,,,,,,,,USC00419715,,,,,,,
,,,,,,,,,,,,,,,,,,,,,,,,,USW00024143,,,,,,,,,,,,,,,,,USC00419772,,,,,,,
,,,,,,,,,,,,,,,,,,,,,,,,,USW00024153,,,,,,,,,,,,,,,,,USC00419800,,,,,,,
,,,,,,,,,,,,,,,,,,,,,,,,,USW00024161,,,,,,,,,,,,,,,,,USW00003904,,,,,,,
,,,,,,,,,,,,,,,,,,,,,,,,,USW00094012,,,,,,,,,,,,,,,,,USW00003969,,,,,,,
,,,,,,,,,,,,,,,,,,,,,,,,,,,,,,,,,,,,,,,,,,USW00013973,,,,,,,
,,,,,,,,,,,,,,,,,,,,,,,,,,,,,,,,,,,,,,,,,,USW00023007,,,,,,,
,,,,,,,,,,,,,,,,,,,,,,,,,,,,,,,,,,,,,,,,,,USW00023040,,,,,,,
,,,,,,,,,,,,,,,,,,,,,,,,,,,,,,,,,,,,,,,,,,USW00023041,,,,,,,
,,,,,,,,,,,,,,,,,,,,,,,,,,,,,,,,,,,,,,,,,,USW00023053,,,,,,,
,,,,,,,,,,,,,,,,,,,,,,,,,,,,,,,,,,,,,,,,,,USW00023055,,,,,,,
,,,,,,,,,,,,,,,,,,,,,,,,,,,,,,,,,,,,,,,,,,USW00023059,,,,,,,
,,,,,,,,,,,,,,,,,,,,,,,,,,,,,,,,,,,,,,,,,,USW00023072,,,,,,,
,,,,,,,,,,,,,,,,,,,,,,,,,,,,,,,,,,,,,,,,,,USW00053914,,,,,,,
,,,,,,,,,,,,,,,,,,,,,,,,,,,,,,,,,,,,,,,,,,USW00093042,,,,,,,
,,,,,,,,,,,,,,,,,,,,,,,,,,,,,,,,,,,,,,,,,,USW00093914,,,,,,,
,,,,,,,,,,,,,,,,,,,,,,,,,,,,,,,,,,,,,,,,,,USW00093985,,,,,,,
,,,,,,,,,,,,,,,,,,,,,,,,,,,,,,,,,,,,,,,,,,USW00093987,,,,,,,